Parent;Id;Sex;Birth date;Sire;Dam;Birth place;Location;Avg time between calves (years);Age on first calf (years);Offspring Count
Sire;40;m;1961-01-01;wild;wild;S. AFRICA;S. AFRICA;0;20,2;1
;627;m;1981-03-03;40;397;MEMPHIS;ERFURT;0;;
Sire;355;m;1966-01-01;wild;wild;UMFOLOZI;WOBURNLTD;2,6;11,9;4
;476;f;1977-11-11;355;351;DVURKRALV;DVURKRALV;0;;
;712;m;1977-11-13;355;352;KNOWSLEY;KNOWSLEY;0;;
;828;m;1983-11-23;355;352;KNOWSLEY;MARWELL;0;;
;829;m;1985-08-25;355;352;KNOWSLEY;KESSINGLA;0;;
Sire;57;m;1958-01-01;wild;wild;UMFOLOZI;UMFOLOZI;0,6;11,8;2
;76;m;1969-10-23;57;59;PRETORIA;HILVARENB;0;;
;79;m;1970-05-27;57;60;PRETORIA;PRETORIA;0;;
Sire;340;m;1969-01-01;wild;wild;UMFOLOZI;MUNSTER;2,2;10,7;6
;509;m;1979-09-23;340;403;MUNSTER;MUNSTER;0;;
;669;m;1981-12-08;340;403;MUNSTER;BRATISLAV;0;;
;812;f;1985-01-05;340;403;MUNSTER;GIVSKUD;0;;
;854;f;1986-12-23;340;403;MUNSTER;MUNSTER;0;;
;1178;f;1988-10-10;340;403;MUNSTER;MUNSTER;0;;
;967;f;1990-10-22;340;812;MUNSTER;BLAIRDRUM;0;;
Sire;91;m;1968-08-01;wild;wild;UMFOLOZI;THOIRY;4,7;19,3;2
;1351;f;1987-11-28;91;651;PARIS ZOO;PARIS ZOO;0;;
;1025;m;1992-08-08;91;651;PARIS ZOO;ARNHEM;0;;
Sire;167;m;1969-01-01;wild;wild;UMFOLOZI;UMFOLOZI;0;12,3;1
;643;f;1981-04-22;167;174;ARNHEM;EMMEN;0;;
Sire;200;m;1969-01-01;wild;wild;UMFOLOZI;KATOWICE;3,3;16,2;6
;844;m;1985-03-13;200;211;KATOWICE;KATOWICE;0;;
;888;m;1986-09-03;200;211;KATOWICE;PLAISANCE;0;;
;1023;f;1994-01-08;200;211;KATOWICE;KATOWICE;0;;
;1210;f;1997-02-02;200;211;KATOWICE;KATOWICE;0;;
;1211;f;1998-08-21;200;211;KATOWICE;KATOWICE;0;;
;1413;f;2001-10-16;200;211;KATOWICE;KATOWICE;0;;
Sire;52;m;1959-01-01;wild;wild;UMFOLOZI;UMFOLOZI;1,1;14,1;9
;218;m;1973-02-03;52;157;SD-WAP;SD-WAP;0;;
;289;f;1974-12-04;52;UNK;SD-WAP;SD-WAP;0;;
;286;m;1976-01-19;52;147;SD-WAP;SD-WAP;0;;
;287;m;1976-03-12;52;155;SD-WAP;SD-WAP;0;;
;333;f;1976-03-25;52;150;SD-WAP;SD-WAP;0;;
;534;m;1977-09-02;52;159;SD-WAP;VESZPREM;0;;
;648;f;1980-11-11;52;157;SD-WAP;SD-WAP;0;;
;649;f;1980-11-12;52;150;SD-WAP;PEAUGRES;0;;
;701;m;1981-11-16;52;277;SD-WAP;SD-WAP;0;;
Sire;89;m;1968-01-01;wild;wild;UMFOLOZI;LONGLEAT;1,3;8,7;15
;328;f;1976-09-24;89;106;WHIPSNADE;WHIPSNADE;0;;
;490;m;1979-04-29;89;105;WHIPSNADE;WHIPSNADE;0;;
;504;f;1979-09-26;89;104;WHIPSNADE;KESSINGLA;0;;
;800;m;1984-09-23;89;103;WHIPSNADE;SOFIAZOO;0;;
;833;m;1985-10-21;89;102;WHIPSNADE;JERUSALEM;0;;
;846;f;1986-08-01;89;106;WHIPSNADE;WHIPSNADE;0;;
;868;f;1986-08-15;89;329;WHIPSNADE;MARWELL;0;;
;859;f;1986-09-23;89;103;SOFIAZOO;DUBLIN;0;;
;869;m;1986-10-28;89;104;WHIPSNADE;WHIPSNADE;0;;
;907;f;1987-12-25;89;102;WHIPSNADE;ARNHEM;0;;
;918;m;1988-11-15;89;329;WHIPSNADE;PT ST PER;0;;
;973;f;1990-12-18;89;102;WHIPSNADE;WHIPSNADE;0;;
;974;m;1990-12-28;89;329;WHIPSNADE;MUNSTER;0;;
;1010;m;1992-11-16;89;329;WHIPSNADE;LISIEUX Z;0;;
;1047;f;1994-11-25;89;329;WHIPSNADE;HILVARENB;0;;
Sire;93;m;1962-01-01;wild;wild;UMFOLOZI;COPENHAGE;1,2;12,9;7
;231;f;1974-12-04;93;140;COPENHAGE;BANDHOLM;0;;
;232;m;1974-12-14;93;141;COPENHAGE;BANDHOLM;0;;
;382;m;1976-12-21;93;140;COPENHAGE;GIVSKUD;0;;
;571;m;1978-01-16;93;141;COPENHAGE;GIVSKUD;0;;
;572;m;1979-01-17;93;140;COPENHAGE;COPENHAGE;0;;
;1126;?;1979-10-18;93;141;COPENHAGE;COPENHAGE;0;;
;1127;?;1982-04-15;93;140;COPENHAGE;COPENHAGE;0;;
Sire;221;m;1968-01-01;wild;wild;wild;GIVSKUD;1,9;8,5;17
;316;m;1976-07-07;221;225;HILVARENB;OSNABRUCK;0;;
;486;m;1978-09-24;221;225;HILVARENB;HILVARENB;0;;
;488;f;1978-11-22;221;224;HILVARENB;HILVARENB;0;;
;628;m;1980-12-28;221;225;HILVARENB;HILVARENB;0;;
;629;m;1981-01-13;221;224;HILVARENB;HILVARENB;0;;
;767;f;1982-12-25;221;225;HILVARENB;LA PALMYR;0;;
;796;m;1984-03-23;221;224;HILVARENB;LA PALMYR;0;;
;834;m;1985-08-11;221;225;HILVARENB;HILVARENB;0;;
;835;f;1985-10-26;221;224;HILVARENB;HILVARENB;0;;
;906;m;1987-12-01;221;224;HILVARENB;HILVARENB;0;;
;938;f;1988-10-17;221;225;HILVARENB;HILVARENB;0;;
;964;f;1990-12-01;221;224;HILVARENB;HILVARENB;0;;
;1009;f;1992-10-08;221;224;HILVARENB;WOBURNLTD;0;;
;1048;m;1994-09-08;221;225;HILVARENB;BEAUVAL;0;;
;1064;m;1996-01-16;221;224;HILVARENB;SO LAKES;0;;
;1501;f;2005-01-11;221;1251;GIVSKUD;CABARCENO;0;;
;1606;m;2006-12-12;221;1251;GIVSKUD;BLAIRDRUM;0;;
Sire;1095;m;1970-01-01;wild;wild;UMFOLOZI;KESSINGLA;0;15,0;1
;1248;f;1985-01-08;1095;197;WOBURNLTD;WOBURNLTD;0;;
Sire;390;m;1969-01-01;wild;wild;UMFOLOZI;UMFOLOZI;4,5;10,2;3
;533;f;1979-03-05;390;391;JACKSONVL;JACKSONVL;0;;
;809;f;1985-01-15;390;391;JACKSONVL;JACKSONVL;0;;
;927;m;1988-03-21;390;533;JACKSONVL;JACKSONVL;0;;
Sire;180;m;1965-01-01;wild;wild;UMFOLOZI;UMFOLOZI;3,1;14,4;3
;549;m;1979-05-22;180;182;SAN ANTON;MOSCOW;0;;
;583;f;1980-01-26;180;181;SAN ANTON;SCHWERIN;0;;
;831;f;1985-07-09;180;182;SAN ANTON;SAN ANTON;0;;
Sire;139;m;1968-01-01;wild;wild;UMFOLOZI;EDINBURGH;2,0;14,7;10
;749;m;1982-09-03;139;97;EDINBURGH;EDINBURGH;0;;
;855;f;1985-03-10;139;97;EDINBURGH;EDINBURGH;0;;
;856;f;1986-09-12;139;97;EDINBURGH;MARWELL;0;;
;937;f;1988-09-02;139;97;EDINBURGH;WHIPSNADE;0;;
;962;f;1990-09-24;139;97;EDINBURGH;WHIPSNADE;0;;
;989;f;1992-08-25;139;97;EDINBURGH;LISIEUX Z;0;;
;1026;f;1994-07-01;139;97;EDINBURGH;KNOWSLEY;0;;
;1143;f;1996-09-02;139;97;EDINBURGH;EDINBURGH;0;;
;1212;m;1998-07-14;139;97;EDINBURGH;GIVSKUD;0;;
;1352;m;2000-10-20;139;97;EDINBURGH;WOBURNLTD;0;;
Sire;492;m;1957-01-01;wild;wild;UMFOLOZI;UMFOLOZI;0;23,5;1
;581;m;1980-06-12;492;496;HODENHAGN;HODENHAGN;0;;
Sire;257;m;1969-01-01;wild;wild;UMFOLOZI;LISIEUX Z;11,3;8,6;3
;1234;?;1977-08-10;257;259;WINDSOR;WINDSOR;0;;
;1196;m;1998-09-16;257;989;LISIEUX Z;LISIEUX Z;0;;
;1284;m;2000-02-16;257;989;LISIEUX Z;AUGSBURG;0;;
Sire;193;m;1968-01-01;wild;wild;UMFOLOZI;PELISSANE;2,5;10,9;2
;493;m;1978-11-13;193;494;HODENHAGN;HODENHAGN;0;;
;645;m;1981-05-26;193;495;GENK;GENK;0;;
Sire;1552;m;2000-12-01;wild;wild;KRUGER;DUBLIN;2,5;7,5;2
;1644;f;2008-05-28;1552;1555;DUBLIN;DUBLIN;0;;
;2007;m;2010-12-10;1552;1555;DUBLIN;DUBLIN;0;;
Sire;111;m;1966-01-01;wild;wild;UMFOLOZI;USTI;2,9;10,6;7
;911;m;1976-08-15;111;211;DVURKRALV;DVURKRALV;0;;
;530;f;1978-04-04;111;211;DVURKRALV;VESZPREM;0;;
;531;m;1978-12-16;111;210;DVURKRALV;COULANGE;0;;
;684;m;1981-04-13;111;211;KATOWICE;GDANSK;0;;
;865;m;1986-11-18;111;114;USTI;CABARCENO;0;;
;970;m;1991-01-13;111;114;USTI;USTI;0;;
;1029;m;1993-12-10;111;114;USTI;POZNAN;0;;
Sire;1060;m;1992-01-01;wild;wild;NATAL SA;BEWDLEY;2,2;9,3;3
;1349;m;2001-05-01;1060;1175;BEWDLEY;BEWDLEY;0;;
;1410;f;2002-01-27;1060;1147;BEWDLEY;BEWDLEY;0;;
;1583;m;2005-09-21;1060;1175;BEWDLEY;BEWDLEY;0;;
Sire;1361;m;1996-06-01;wild;wild;S. AFRICA;BANDHOLM;1,8;11,7;2
;1635;m;2008-02-06;1361;1362;BANDHOLM;BANDHOLM;0;;
;2014;f;2009-12-11;1361;1362;BANDHOLM;BANDHOLM;0;;
Sire;88;m;1969-02-01;wild;wild;UMFOLOZI;COLCHESTR;1,0;39,7;2
;1648;m;2008-10-22;88;902;BUDAPEST;ATTICAZOO;0;;
;1694;m;2009-10-04;88;1458;COLCHESTR;COLCHESTR;0;;
Sire;420;m;1969-12-31;wild;wild;UMFOLOZI;UMFOLOZI;0,4;15,6;8
;843;m;1985-08-20;420;157;SD-WAP;SD-WAP;0;;
;862;m;1986-07-06;420;277;SD-WAP;SD-WAP;0;;
;863;f;1986-08-09;420;154;SD-WAP;AUGSBURG;0;;
;864;m;1986-09-23;420;159;SD-WAP;SIGEAN;0;;
;908;m;1987-01-29;420;157;SD-WAP;SD-WAP;0;;
;925;f;1988-01-26;420;277;SD-WAP;SD-WAP;0;;
;926;m;1988-02-15;420;147;SD-WAP;SD-WAP;0;;
;929;f;1988-08-04;420;159;SD-WAP;SIGEAN;0;;
Sire;343;m;1971-01-01;wild;wild;UMFOLOZI;EMMEN;1,8;25,2;3
;1156;m;1996-03-18;343;907;EMMEN;EMMEN;0;;
;1183;m;1998-02-27;343;907;EMMEN;KOLMARDEN;0;;
;1288;m;1999-11-01;343;907;EMMEN;EMMEN;0;;
Sire;117;m;1966-01-01;wild;wild;UMFOLOZI;CABARCENO;2,8;15,7;4
;652;f;1981-08-25;117;120;LONGLEAT;GIVSKUD;0;;
;653;f;1981-09-28;117;119;LONGLEAT;SCHWERIN;0;;
;1300;m;1982-09-01;117;unk;LONGLEAT;CIR AMERI;0;;
;1301;m;1990-01-11;117;unk;LONGLEAT;LONGLEAT;0;;
Sire;187;m;1968-01-01;wild;wild;UMFOLOZI;UMFOLOZI;0,4;24,4;2
;990;m;1992-05-15;187;157;SD-WAP;EMMEN;0;;
;991;f;1992-10-03;187;156;SD-WAP;BERLIN TP;0;;
Sire;618;m;1967-03-01;wild;wild;UMFOLOZI;UMFOLOZI;2,1;12,8;2
;588;m;1979-12-01;618;620;KNOXVILLE;KNOXVILLE;0;;
;676;m;1981-12-31;618;620;KNOXVILLE;SALZBURG;0;;
Sire;70;m;1964-01-01;wild;wild;UMFOLOZI;KAUNAS;0,5;9,1;24
;214;m;1973-01-21;70;103;WHIPSNADE;WHIPSNADE;0;;
;217;m;1973-03-05;70;104;WHIPSNADE;WHIPSNADE;0;;
;1187;m;1974-09-09;70;100;WHIPSNADE;WHIPSNADE;0;;
;1188;f;1974-10-07;70;97;WHIPSNADE;WHIPSNADE;0;;
;278;m;1974-10-09;70;99;WHIPSNADE;WHIPSNADE;0;;
;1189;m;1974-12-08;70;106;WHIPSNADE;WHIPSNADE;0;;
;329;f;1976-10-07;70;104;WHIPSNADE;WHIPSNADE;0;;
;330;m;1976-10-10;70;105;WHIPSNADE;DUBLIN;0;;
;342;f;1976-10-23;70;100;WHIPSNADE;WHIPSNADE;0;;
;393;m;1976-10-27;70;97;EDINBURGH;EDINBURGH;0;;
;1190;f;1976-12-22;70;102;WHIPSNADE;WHIPSNADE;0;;
;472;f;1977-12-27;70;103;WHIPSNADE;WHIPSNADE;0;;
;489;f;1978-06-30;70;102;WHIPSNADE;WHIPSNADE;0;;
;532;m;1979-12-19;70;103;WHIPSNADE;ARNHEM;0;;
;600;m;1980-09-21;70;106;WHIPSNADE;WHIPSNADE;0;;
;614;f;1980-11-06;70;102;WHIPSNADE;WHIPSNADE;0;;
;654;f;1981-10-12;70;105;WHIPSNADE;WHIPSNADE;0;;
;665;f;1981-11-23;70;103;WHIPSNADE;WHIPSNADE;0;;
;708;m;1982-10-25;70;106;WHIPSNADE;WHIPSNADE;0;;
;761;m;1982-12-03;70;104;WHIPSNADE;WHIPSNADE;0;;
;770;m;1983-03-02;70;102;WHIPSNADE;LA PALMYR;0;;
;803;m;1984-12-03;70;105;WHIPSNADE;SO LAKES;0;;
;810;m;1985-01-09;70;106;WHIPSNADE;WHIPSNADE;0;;
;811;f;1985-02-03;70;329;WHIPSNADE;WHIPSNADE;0;;
Sire;244;m;1971-01-01;wild;wild;UMFOLOZI;RAMAT GAN;0;7,7;1
;487;m;1978-09-28;244;240;RAMAT GAN;JERUSALEM;0;;
Sire;11;m;1963-01-01;wild;wild;UMFOLOZI;KOLMARDEN;1,9;32,1;2
;1184;m;1995-02-11;11;1012;KOLMARDEN;KOLMARDEN;0;;
;1170;m;1997-01-15;11;1012;KOLMARDEN;KOLMARDEN;0;;
Sire;1013;m;1986-01-01;wild;wild;KRUGER;LISBON;0;24,9;1
;2059;m;2010-12-07;1013;1570;LISBON;LISBON;0;;
Sire;372;m;1973-01-01;wild;wild;SUDAN;SUDAN;3,8;10,9;3
;789;f;1983-11-15;372;351;DVURKRALV;DVURKRALV;0;;
;943;f;1989-07-11;372;351;DVURKRALV;DVURKRALV;0;;
;1122;f;1991-07-18;372;351;DVURKRALV;DVURKRALV;0;;
Sire;94;m;1960-01-01;wild;wild;UMFOLOZI;WHIPSNADE;0,0;14,8;2
;226;f;1974-10-07;94;103;WHIPSNADE;TOUROPARC;0;;
;279;m;1974-10-15;94;96;WHIPSNADE;LIBEREC;0;;
Sire;459;m;1969-01-01;wild;wild;UMFOLOZI;UMFOLOZI;0;11,1;1
;711;m;1980-01-20;459;461;TUNIS ZOO;TUNIS ZOO;0;;
Sire;373;m;1972-01-01;wild;wild;SUDAN;DVURKRALV;20,2;8,4;2
;630;m;1980-06-08;373;351;DVURKRALV;DVURKRALV;0;;
;1305;f;2000-07-29;373;943;DVURKRALV;DVURKRALV;0;;
Sire;319;m;1969-01-01;wild;wild;UMFOLOZI;UMFOLOZI;0;8,5;1
;404;m;1977-06-13;319;403;MUNSTER;CABARCENO;0;;
Sire;1197;m;1971-01-01;wild;wild;S. AFRICAR;S. AFRICAR;2,9;23,0;2
;1200;m;1993-12-15;1197;1198;SAFARI MA;SAFARI MA;0;;
;1201;m;1996-11-12;1197;1198;SAFARI MA;SAFARI MA;0;;
Sire;169;m;1969-01-01;wild;wild;UMFOLOZI;NEUWIED;1,9;8,9;2
;402;m;1977-11-22;169;174;ARNHEM;ARNHEM;0;;
;644;m;1979-10-04;169;230;ARNHEM;ARNHEM;0;;
Sire;413;m;1971-04-01;wild;wild;UMFOLOZI;UMFOLOZI;0,7;8,7;2
;589;m;1979-12-11;413;418;KINGS ISL;SCHWERIN;0;;
;590;f;1980-09-05;413;416;KINGS ISL;KINGS ISL;0;;
Sire;116;m;1968-11-09;wild;wild;UMFOLOZI;MONTPELLI;7,9;10,4;3
;577;m;1979-04-15;116;120;LONGLEAT;BIOPARCVA;0;;
;578;m;1979-07-28;116;119;LONGLEAT;THOIRY;0;;
;1245;f;1995-02-11;116;119;PONTSCORF;PONTSCORF;0;;
Sire;1253;m;1980-01-01;wild;wild;S. AFRICAR;S. AFRICAR;1,2;16,3;2
;1207;f;1996-04-01;1253;1257;SABLE RAN;ERFURT;0;;
;1208;f;1997-07-01;1253;1254;SABLE RAN;ERFURT;0;;
Sire;559;m;1968-01-01;wild;wild;UMFOLOZI;UMFOLOZI;0;16,6;1
;798;f;1984-08-04;559;563;W PALM BE;W PALM BE;0;;
Sire;143;m;1963-01-01;wild;wild;UMFOLOZI;UMFOLOZI;0;22,2;1
;826;m;1985-02-27;143;218;TORONTO;TORONTO;0;;
Sire;1011;m;1988-01-01;wild;wild;UMFOLOZI;WHIPSNADE;0,9;9,1;14
;1171;f;1997-02-06;1011;962;WHIPSNADE;BORAS;0;;
;1173;m;1997-04-08;1011;329;WHIPSNADE;SO LAKES;0;;
;1251;f;1999-09-10;1011;489;WHIPSNADE;GIVSKUD;0;;
;1338;f;2000-05-01;1011;329;WHIPSNADE;BORAS;0;;
;1339;f;2000-05-19;1011;962;WHIPSNADE;BORAS;0;;
;1340;f;2000-12-15;1011;654;WHIPSNADE;ARNHEM;0;;
;1424;m;2001-11-22;1011;489;WHIPSNADE;MONTPELLI;0;;
;1425;f;2001-12-11;1011;962;WHIPSNADE;KESSINGLA;0;;
;1469;f;2003-04-16;1011;329;WHIPSNADE;WHIPSNADE;0;;
;1515;m;2005-06-09;1011;654;WHIPSNADE;MALTON;0;;
;1525;m;2005-08-08;1011;962;WHIPSNADE;KERKRADE;0;;
;1526;m;2005-10-06;1011;489;WHIPSNADE;KERKRADE;0;;
;1632;m;2007-12-28;1011;489;WHIPSNADE;ATTICAZOO;0;;
;1636;m;2008-03-07;1011;654;WHIPSNADE;ATTICAZOO;0;;
